"hash","short","date","author","is_merge","batch","module","disposition","priority","file_count","subject","files"
"6cb86acbd370ff0bfaa601fded7e15d276554a10","6cb86acbd","2026-05-12","Luiz Rodrigues","False","infraestrutura-aws","Infraestrutura AWS: Saude da Plataforma e Financeiro AWS","depende-backend-contrato","P2","2","Corrigir cobertura EC2 com Savings Plans","assets/js/components/infraestrutura-financeiro-aws.js|includes/aws-platform-monitor/live.php"
"9610d78ba6e04130480f1daa58f7f5664537c03f","9610d78ba","2026-05-12","felipeps04","False","agile-store-tema","Agile Store: tema escuro","ja-migrado","P3","2","Ajuste do tema escuro para Agile Store","components/app-store-detail.php|components/app-store-list.php"
"92bf674c70b2bdeeeb6d576397a5826d3b96f136","92bf674c7","2026-05-12","felipeps04","False","asset-version-refresh-legado","Legado: boot e asset version","nao-aplicavel-v2","P4","1","Ajuste de boot","boot.php"
"c6f1a3602b715e9f39d8fc45d1367205ed57976a","c6f1a3602","2026-05-12","Ricardo Morais","True","agile-store-tema","Agile Store: tema escuro","ja-migrado","P3","0","Merge pull request #735 from agileecommerce/fix/theme-agile-store",""
"0c5f152aa67799b5dca03ce307fb8a5a70c9e1c1","0c5f152aa","2026-05-12","Luiz Rodrigues","False","infraestrutura-aws","Infraestrutura AWS: Saude da Plataforma e Financeiro AWS","depende-backend-contrato","P2","4","Ajusta leitura de evictions no painel de saúde","assets/js/components/infraestrutura-saude-plataforma.js|components/infraestrutura-saude-plataforma.php|includes/aws-platform-monitor/live.php|includes/aws-platform-monitor/snapshot.php"
"9514dc994689c61033fec01e4fcbb7b645e9bf56","9514dc994","2026-05-12","Luiz Rodrigues","False","asset-version-refresh-legado","Legado: boot e asset version","nao-aplicavel-v2","P4","1","Incrementa versão de assets do admin","boot.php"
"6de8adb15e892011a32e8a094067e268aaec5fa7","6de8adb15","2026-05-12","Luiz Rodrigues","False","configuracoes-pedidos-carrinho","Configuracoes > Pedidos: ordenacao do carrinho","nao-migrado","P1","1","Adiciona configuracao de ordenacao do carrinho","components/configuracoes-pedidos-form.php"
"b92cf4285301833d045dd9c7624b399ed5bb9e23","b92cf4285","2026-05-12","Luiz Rodrigues","False","infraestrutura-aws","Infraestrutura AWS: Saude da Plataforma e Financeiro AWS","depende-backend-contrato","P2","3","Ajusta alerta de storage RDS com autoscale","includes/aws-platform-monitor/live.php|includes/aws-platform-monitor/snapshot.php|tests/aws-rds-storage-status.test.php"
"bea05a713c3e54f2f18950774dfb6efd49c88d35","bea05a713","2026-05-12","Luiz Rodrigues","False","configuracoes-pedidos-carrinho","Configuracoes > Pedidos: ordenacao do carrinho","nao-migrado","P1","1","Ajusta labels da ordenacao do carrinho","components/configuracoes-pedidos-form.php"
"77fd0336e145a36805bab1e65b5259e3cd18d6a8","77fd0336e","2026-05-12","Luiz Rodrigues","False","status-plataforma-shell","Shell: status da plataforma, micro status e troca de tenant","ja-migrado","P3","9","Adiciona status da plataforma para tenant","assets/js/components/status-plataforma.js|boot.php|components/status-plataforma.php|controllers/status-plataforma-controller.php|docs/superpowers/plans/2026-05-11-dashboard-infraestrutura-aws.md|docs/superpowers/plans/2026-05-12-status-plataforma-tenant-health.md|includes/header.php|includes/menu.php|includes/status-plataforma-monitor.php"
"3f88999c60aaa330ec854f1fb76e08928c932a9c","3f88999c6","2026-05-12","Luiz Rodrigues","False","status-plataforma-shell","Shell: status da plataforma, micro status e troca de tenant","ja-migrado","P3","1","Evita grave falso quando monitor v2 indisponivel","includes/status-plataforma-monitor.php"
"d7b6606eb1362c397f7dab5e740d8ec0fadc94c2","d7b6606eb","2026-05-12","Luiz Rodrigues","False","status-plataforma-shell","Shell: status da plataforma, micro status e troca de tenant","ja-migrado","P3","3","Ajusta exibicao de monitoramento parcial","assets/js/components/status-plataforma.js|boot.php|components/status-plataforma.php"
"55191520650322b500c0a40b6141e92c9cb6a2ef","551915206","2026-05-12","Luiz Rodrigues","False","status-plataforma-shell","Shell: status da plataforma, micro status e troca de tenant","ja-migrado","P3","2","Ajusta pluralizacao de servicos no status","assets/js/components/status-plataforma.js|boot.php"
"8ffa1998058d05d7ee33488283a40c38eb567639","8ffa19980","2026-05-12","Luiz Rodrigues","False","status-plataforma-shell","Shell: status da plataforma, micro status e troca de tenant","ja-migrado","P3","2","Ajusta pluralizacao dos textos de status","assets/js/components/status-plataforma.js|boot.php"
"06ce364f58b1c33be81c9b412cb8cacceaf5d2ae","06ce364f5","2026-05-12","Luiz Rodrigues","False","status-plataforma-shell","Shell: status da plataforma, micro status e troca de tenant","ja-migrado","P3","3","Revisa consistencia das mensagens do status","assets/js/components/status-plataforma.js|boot.php|includes/status-plataforma-monitor.php"
"7b580d96f6a61bb65f7735a46df4e4b5bd7e08b0","7b580d96f","2026-05-12","Luiz Rodrigues","False","status-plataforma-shell","Shell: status da plataforma, micro status e troca de tenant","ja-migrado","P3","2","Ajusta N/D no status geral da plataforma","assets/js/components/status-plataforma.js|boot.php"
"2e4f3fbc4904aae61f5a0b004af55c19350bbb5d","2e4f3fbc4","2026-05-12","Luiz Rodrigues","False","status-plataforma-shell","Shell: status da plataforma, micro status e troca de tenant","ja-migrado","P3","2","Troca icone por indicador online no status","boot.php|components/status-plataforma.php"
"aa66dabb04a996bc2aefca539f63eb2de9bc7b34","aa66dabb0","2026-05-12","Luiz Rodrigues","False","status-plataforma-shell","Shell: status da plataforma, micro status e troca de tenant","ja-migrado","P3","1","Remove subtitulo do status da plataforma","components/status-plataforma.php"
"221e9e1a5ea8232966ee7ac131f7a82db90b30c8","221e9e1a5","2026-05-12","Luiz Rodrigues","False","status-plataforma-shell","Shell: status da plataforma, micro status e troca de tenant","ja-migrado","P3","5","Exibe status da plataforma para validação","assets/js/components/status-plataforma.js|boot.php|components/status-plataforma.php|controllers/status-plataforma-controller.php|includes/status-plataforma-monitor.php"
"012cb01c768c2c5ca990af3ceb16cb51a5f8ef87","012cb01c7","2026-05-13","Luiz Rodrigues","False","status-plataforma-shell","Shell: status da plataforma, micro status e troca de tenant","ja-migrado","P3","6","Atualiza status da plataforma do tenant","assets/js/components/status-plataforma.js|boot.php|components/status-plataforma.php|docs/projetos/README.md|docs/projetos/status-plataforma/regras-monitoramento-tenant.md|includes/status-plataforma-monitor.php"
"61764117f8048b1a369bab460876cd997a5a590a","61764117f","2026-05-13","Luiz Rodrigues","False","status-plataforma-shell","Shell: status da plataforma, micro status e troca de tenant","ja-migrado","P3","6","Ajusta status da plataforma por tenant","assets/js/components/status-plataforma.js|boot.php|components/status-plataforma.php|docs/projetos/status-plataforma/regras-monitoramento-tenant.md|docs/superpowers/plans/2026-05-12-status-plataforma-tenant-health.md|includes/status-plataforma-monitor.php"
"5a59ad2f7c4499b8f274f689cf55e5d3a15f02d2","5a59ad2f7","2026-05-13","Luiz Rodrigues","False","status-plataforma-shell","Shell: status da plataforma, micro status e troca de tenant","ja-migrado","P3","6","Revert ""Ajusta status da plataforma por tenant""","assets/js/components/status-plataforma.js|boot.php|components/status-plataforma.php|docs/projetos/status-plataforma/regras-monitoramento-tenant.md|docs/superpowers/plans/2026-05-12-status-plataforma-tenant-health.md|includes/status-plataforma-monitor.php"
"0e0b3d7462bf3dc910d77e5fb17121cfe24654da","0e0b3d746","2026-05-13","Luiz Rodrigues","False","infraestrutura-aws","Infraestrutura AWS: Saude da Plataforma e Financeiro AWS","depende-backend-contrato","P2","9","Ajusta cobertura e ordenacao do painel AWS","assets/js/components/infraestrutura-financeiro-aws.js|assets/js/components/infraestrutura-saude-plataforma.js|boot.php|components/infraestrutura-financeiro-aws.php|includes/aws-platform-monitor/live.php|includes/aws-platform-monitor/snapshot.php|includes/aws-platform-monitor/sort.php|tests/aws-ec2-size-flex-reservation.test.php|tests/aws-platform-row-sort.test.php"
"eb874b2e44a0e6f75d371c0e5b8346e3ffc9094d","eb874b2e4","2026-05-13","Luiz Rodrigues","False","status-plataforma-shell","Shell: status da plataforma, micro status e troca de tenant","ja-migrado","P3","5","Ajusta status da plataforma por tenant","assets/js/components/status-plataforma.js|boot.php|components/status-plataforma.php|docs/projetos/status-plataforma/regras-monitoramento-tenant.md|includes/status-plataforma-monitor.php"
"50c2d11d26a9a7cb6b34dddc3eaed857f794fada","50c2d11d2","2026-05-13","Luiz Rodrigues","False","status-plataforma-shell","Shell: status da plataforma, micro status e troca de tenant","ja-migrado","P3","2","Corrige rota do status da plataforma na api v3","docs/projetos/status-plataforma/regras-monitoramento-tenant.md|includes/status-plataforma-monitor.php"
"57c425d4f2367037c147e3c46a7cf913648fefdf","57c425d4f","2026-05-13","Luiz Rodrigues","False","status-plataforma-shell","Shell: status da plataforma, micro status e troca de tenant","ja-migrado","P3","1","Atualiza plano do status da plataforma","docs/superpowers/plans/2026-05-12-status-plataforma-tenant-health.md"
"f7880d17127282ad671dd49ee9bba883318696da","f7880d171","2026-05-13","Luiz Rodrigues","False","infraestrutura-aws","Infraestrutura AWS: Saude da Plataforma e Financeiro AWS","depende-backend-contrato","P2","8","Ajusta painel AWS financeiro e saude","assets/js/components/infraestrutura-financeiro-aws.js|assets/js/components/infraestrutura-saude-plataforma.js|components/infraestrutura-saude-plataforma.php|includes/aws-platform-monitor/live.php|includes/aws-platform-monitor/snapshot.php|includes/aws-platform-monitor/sort.php|tests/aws-platform-health-compute-alerts.test.php|tests/aws-platform-live-invoices.test.php"
"5b23f9eab5281d3f757cb7ed16f6c0d0590af68b","5b23f9eab","2026-05-13","Luiz Rodrigues","False","infraestrutura-aws","Infraestrutura AWS: Saude da Plataforma e Financeiro AWS","depende-backend-contrato","P2","1","Incrementa versao de assets do painel AWS","boot.php"
"003c02d231386df73cea9e98981a38985520eb03","003c02d23","2026-05-13","Luiz Rodrigues","False","status-plataforma-shell","Shell: status da plataforma, micro status e troca de tenant","ja-migrado","P3","1","Documenta fallback DNS do status da plataforma","docs/projetos/status-plataforma/regras-monitoramento-tenant.md"
"8148b41e6dbf2dca851a1fcd2112508874267163","8148b41e6","2026-05-13","Luiz Rodrigues","False","infraestrutura-aws","Infraestrutura AWS: Saude da Plataforma e Financeiro AWS","depende-backend-contrato","P2","2","Corrige ordenacao de faturas AWS por status","assets/js/components/infraestrutura-financeiro-aws.js|boot.php"
"5a1efc72803ebecac2d199b8f082fdc480f0cbb2","5a1efc728","2026-05-13","Luiz Rodrigues","False","infraestrutura-aws","Infraestrutura AWS: Saude da Plataforma e Financeiro AWS","depende-backend-contrato","P2","2","Prioriza faturas vencidas no painel AWS","assets/js/components/infraestrutura-financeiro-aws.js|boot.php"
"fbf435419983401e2f39a29c773895b4b65560e5","fbf435419","2026-05-13","felipeps04","False","produtos-embalagens-edicao","Produtos: edicao de embalagens","nao-migrado","P1","1","Ajuste de formulário para edição de embalagens do produto","components/produtos-embalagens-form.php"
"7a4f6a1171420a971a49708e1db5cbabfe5f2376","7a4f6a117","2026-05-13","Luiz Rodrigues","False","infraestrutura-aws","Infraestrutura AWS: Saude da Plataforma e Financeiro AWS","depende-backend-contrato","P2","3","Exibe variacao no mes atual AWS","assets/js/components/infraestrutura-financeiro-aws.js|boot.php|components/infraestrutura-financeiro-aws.php"
"50f84971a001b164a94903832353c8e9853629a9","50f84971a","2026-05-13","Luiz Rodrigues","False","infraestrutura-aws","Infraestrutura AWS: Saude da Plataforma e Financeiro AWS","depende-backend-contrato","P2","3","Simplifica Redis no painel de saude AWS","assets/js/components/infraestrutura-saude-plataforma.js|boot.php|components/infraestrutura-saude-plataforma.php"
"343d99b8c600afc29c2024f10dff35cecab04663","343d99b8c","2026-05-13","Luiz Rodrigues","False","status-plataforma-shell","Shell: status da plataforma, micro status e troca de tenant","ja-migrado","P3","1","Documenta configuracao curta de integracoes do status","docs/projetos/status-plataforma/regras-monitoramento-tenant.md"
"4080d7759c8e29dd245d67ec02a058a2af6347ae","4080d7759","2026-05-13","Luiz Rodrigues","False","infraestrutura-aws","Infraestrutura AWS: Saude da Plataforma e Financeiro AWS","depende-backend-contrato","P2","7","Ajusta ordenacao dos paineis AWS","assets/js/components/infraestrutura-financeiro-aws.js|assets/js/components/infraestrutura-saude-plataforma.js|boot.php|includes/aws-platform-monitor/live.php|includes/aws-platform-monitor/snapshot.php|includes/aws-platform-monitor/sort.php|tests/aws-platform-row-sort.test.php"
"eb482432b50e8ed160e1815c2a90767f7fa572a9","eb482432b","2026-05-13","Luiz Rodrigues","False","status-plataforma-shell","Shell: status da plataforma, micro status e troca de tenant","ja-migrado","P3","5","Ajusta status da plataforma no topo e DNS","assets/js/components/status-plataforma.js|assets/js/scripts.js|boot.php|docs/projetos/status-plataforma/regras-monitoramento-tenant.md|includes/header.php"
"0d79d4547b683166823d0895cc410f1b3c391b3e","0d79d4547","2026-05-13","Luiz Rodrigues","False","status-plataforma-shell","Shell: status da plataforma, micro status e troca de tenant","ja-migrado","P3","1","Documenta prioridade de incidentes ativos","docs/projetos/status-plataforma/regras-monitoramento-tenant.md"
"38111c0e62587c47552da05d316ae64541806fe7","38111c0e6","2026-05-13","Luiz Rodrigues","False","status-plataforma-shell","Shell: status da plataforma, micro status e troca de tenant","ja-migrado","P3","1","Detalha recheck de incidentes ativos","docs/projetos/status-plataforma/regras-monitoramento-tenant.md"
"19d8be82ac4a1aef49ab5ed1f738cf64fc71fb51","19d8be82a","2026-05-13","Luiz Rodrigues","False","status-plataforma-shell","Shell: status da plataforma, micro status e troca de tenant","ja-migrado","P3","1","Documenta monitor apenas em producao","docs/projetos/status-plataforma/regras-monitoramento-tenant.md"
"63e343b96a8b30f41844cc3f5d8c6704a7e2416e","63e343b96","2026-05-13","Luiz Rodrigues","False","infraestrutura-aws","Infraestrutura AWS: Saude da Plataforma e Financeiro AWS","depende-backend-contrato","P2","6","Reduz janela de evictions Redis","assets/js/components/infraestrutura-saude-plataforma.js|boot.php|includes/aws-platform-monitor/live.php|includes/aws-platform-monitor/snapshot.php|includes/aws-platform-monitor/sort.php|tests/aws-platform-row-sort.test.php"
"02a6c2587e5aa3ddec787bcadaa012084c8bff61","02a6c2587","2026-05-13","Luiz Rodrigues","False","infraestrutura-aws","Infraestrutura AWS: Saude da Plataforma e Financeiro AWS","depende-backend-contrato","P2","6","Adiciona status Elastic Beanstalk na saude AWS","assets/js/components/infraestrutura-saude-plataforma.js|boot.php|components/infraestrutura-saude-plataforma.php|includes/aws-platform-monitor/live.php|includes/aws-platform-monitor/snapshot.php|tests/aws-platform-health-compute-alerts.test.php"
"557cdeebaffe305181e28f1665addd443ccd7d10","557cdeeba","2026-05-13","Luiz Rodrigues","False","infraestrutura-aws","Infraestrutura AWS: Saude da Plataforma e Financeiro AWS","depende-backend-contrato","P2","3","Ajusta tabela Elastic Beanstalk","assets/js/components/infraestrutura-saude-plataforma.js|boot.php|components/infraestrutura-saude-plataforma.php"
"903792726571d89bcafe5f74f51053c7a1fcdc2f","903792726","2026-05-13","Luiz Rodrigues","False","infraestrutura-aws","Infraestrutura AWS: Saude da Plataforma e Financeiro AWS","depende-backend-contrato","P2","3","Adiciona refresh por bloco na saude AWS","assets/js/components/infraestrutura-saude-plataforma.js|boot.php|components/infraestrutura-saude-plataforma.php"
"adc53043f490e45bf33a61368590eef98a65d190","adc53043f","2026-05-13","Luiz Rodrigues","False","status-plataforma-shell","Shell: status da plataforma, micro status e troca de tenant","ja-migrado","P3","7","Aprimora paineis de saude da plataforma","assets/js/components/status-plataforma.js|assets/js/scripts.js|components/status-plataforma.php|docs/projetos/status-plataforma/regras-monitoramento-tenant.md|includes/aws-platform-monitor/live.php|includes/header.php|tests/aws-platform-health-compute-alerts.test.php"
"7217945836896f9044da7a3a2ebc65a077bbcca9","721794583","2026-05-13","Luiz Rodrigues","False","infraestrutura-aws","Infraestrutura AWS: Saude da Plataforma e Financeiro AWS","depende-backend-contrato","P2","3","Adiciona refresh por bloco no financeiro AWS","assets/js/components/infraestrutura-financeiro-aws.js|boot.php|components/infraestrutura-financeiro-aws.php"
"1a6c6063d05f26be22450cf5d65663543efc301c","1a6c6063d","2026-05-13","Ricardo Morais","False","asset-version-refresh-legado","Legado: boot e asset version","nao-aplicavel-v2","P4","3","Remove asset version auto refresh again","assets/js/scripts.js|boot.php|tests/asset-version-refresh.test.js"
"c83e6ba5fbf6b9f9656d5dc3127f76fdc27ab99a","c83e6ba5f","2026-05-13","Ricardo Morais","True","asset-version-refresh-legado","Legado: boot e asset version","nao-aplicavel-v2","P4","0","Merge pull request #737 from agileecommerce/codex/remove-asset-version-refresh-again",""
"71ad943e56c067ead9c9c6bac0625381a98b4521","71ad943e5","2026-05-13","Luiz Rodrigues","False","status-plataforma-shell","Shell: status da plataforma, micro status e troca de tenant","ja-migrado","P3","5","Corrige contexto do status da plataforma","assets/js/components/status-plataforma.js|assets/js/scripts.js|components/status-plataforma.php|includes/header.php|includes/status-plataforma-monitor.php"
"3110ae638ffdb58450288478ca26bc041aae3211","3110ae638","2026-05-13","Ricardo Morais","True","produtos-embalagens-edicao","Produtos: edicao de embalagens","nao-migrado","P1","0","Merge pull request #736 from agileecommerce/fix-produtos-embalagens",""
"150b97b84e7f676deecdb4baa51d6248258f8521","150b97b84","2026-05-13","Luiz Rodrigues","False","status-plataforma-shell","Shell: status da plataforma, micro status e troca de tenant","ja-migrado","P3","4","Ajusta micro status da plataforma","assets/js/scripts.js|boot.php|docs/projetos/status-plataforma/regras-monitoramento-tenant.md|includes/header.php"
"f8c26ee8bfb3c4330eb0108a942392913da22f5c","f8c26ee8b","2026-05-13","Luiz Rodrigues","False","infraestrutura-aws","Infraestrutura AWS: Saude da Plataforma e Financeiro AWS","depende-backend-contrato","P2","7","Adiciona novas conexoes no Redis AWS","assets/js/components/infraestrutura-saude-plataforma.js|boot.php|components/infraestrutura-saude-plataforma.php|includes/aws-platform-monitor/live.php|includes/aws-platform-monitor/snapshot.php|includes/aws-platform-monitor/sort.php|tests/aws-platform-row-sort.test.php"
"d9dbe84bdb09e21efe6b1db3c2051bbed0d69126","d9dbe84bd","2026-05-13","Luiz Rodrigues","False","status-plataforma-shell","Shell: status da plataforma, micro status e troca de tenant","ja-migrado","P3","2","Ajusta status de processamentos no topo","assets/js/scripts.js|docs/projetos/status-plataforma/regras-monitoramento-tenant.md"
"ff2888db040263a6bf131d61c5d778c95b44c610","ff2888db0","2026-05-13","Luiz Rodrigues","False","infraestrutura-aws","Infraestrutura AWS: Saude da Plataforma e Financeiro AWS","depende-backend-contrato","P2","8","Aprimora metricas de conexao Redis AWS","assets/js/components/infraestrutura-saude-plataforma.js|boot.php|components/infraestrutura-saude-plataforma.php|includes/aws-platform-monitor/live.php|includes/aws-platform-monitor/snapshot.php|includes/aws-platform-monitor/sort.php|includes/header.php|tests/aws-platform-row-sort.test.php"
"f384059da98d1041be602b0a2e43e18d801e4d26","f384059da","2026-05-13","Luiz Rodrigues","False","infraestrutura-aws","Infraestrutura AWS: Saude da Plataforma e Financeiro AWS","depende-backend-contrato","P2","4","Ajusta prioridade de ordenacao Redis AWS","assets/js/components/infraestrutura-saude-plataforma.js|boot.php|includes/aws-platform-monitor/sort.php|tests/aws-platform-row-sort.test.php"
"6c1091c8e13cc4e2e701abef6f74e1a4acbe4d91","6c1091c8e","2026-05-13","Luiz Rodrigues","False","status-plataforma-shell","Shell: status da plataforma, micro status e troca de tenant","ja-migrado","P3","2","Corrige atualizacao do status da plataforma no topo","assets/js/scripts.js|boot.php"
"8f48b48eeccf4f72ea10a0e60c14aa2d2abc4197","8f48b48ee","2026-05-13","Luiz Rodrigues","False","status-plataforma-shell","Shell: status da plataforma, micro status e troca de tenant","ja-migrado","P3","1","Ajusta carregamento inicial do micro status","includes/header.php"
"62ffa28b12507677cd4da7766f3b0f4c75983e7d","62ffa28b1","2026-05-13","Luiz Rodrigues","False","infraestrutura-aws","Infraestrutura AWS: Saude da Plataforma e Financeiro AWS","depende-backend-contrato","P2","6","Exibe papel e tipo nos recursos AWS","assets/js/components/infraestrutura-saude-plataforma.js|boot.php|components/infraestrutura-saude-plataforma.php|includes/aws-platform-monitor/live.php|includes/aws-platform-monitor/snapshot.php|includes/aws-platform-monitor/sort.php"
"2d3cfcd58f7895947eaf5b30c7894093af9f83a4","2d3cfcd58","2026-05-13","Luiz Rodrigues","False","infraestrutura-aws","Infraestrutura AWS: Saude da Plataforma e Financeiro AWS","depende-backend-contrato","P2","2","Ajusta rotulo N8N no Redis AWS","includes/aws-platform-monitor/live.php|includes/aws-platform-monitor/snapshot.php"
"f6f48e2aca50be9241f971111e836243107a8d80","f6f48e2ac","2026-05-13","Luiz Rodrigues","False","status-plataforma-shell","Shell: status da plataforma, micro status e troca de tenant","ja-migrado","P3","6","Corrige refresh do status da plataforma","assets/js/components/status-plataforma.js|assets/js/scripts.js|boot.php|controllers/status-plataforma-controller.php|docs/projetos/status-plataforma/regras-monitoramento-tenant.md|includes/status-plataforma-monitor.php"
"81ade9fd0681f512c253401311818fa4318b999a","81ade9fd0","2026-05-13","Luiz Rodrigues","False","infraestrutura-aws","Infraestrutura AWS: Saude da Plataforma e Financeiro AWS","depende-backend-contrato","P2","7","Adiciona graficos de metricas AWS","assets/js/components/infraestrutura-saude-plataforma.js|boot.php|components/infraestrutura-saude-plataforma.php|controllers/infraestrutura-saude-plataforma-controller.php|includes/aws-platform-monitor/live.php|includes/aws-platform-monitor/snapshot.php|tests/aws-platform-metric-series.test.php"
"f42944729d6686206b0b0c9d4b4c019d5e588dff","f42944729","2026-05-13","Luiz Rodrigues","False","infraestrutura-aws","Infraestrutura AWS: Saude da Plataforma e Financeiro AWS","depende-backend-contrato","P2","2","Ajusta granularidade dos graficos AWS","includes/aws-platform-monitor/snapshot.php|tests/aws-platform-metric-series.test.php"
"53674504d59a0c20b52decee1b3fc8edda27040a","53674504d","2026-05-13","Luiz Rodrigues","False","infraestrutura-aws","Infraestrutura AWS: Saude da Plataforma e Financeiro AWS","depende-backend-contrato","P2","1","Remove icone dos links de metricas AWS","components/infraestrutura-saude-plataforma.php"
"2ad3a1498332a9d34eea739efe2175e2cf2f7369","2ad3a1498","2026-05-13","Luiz Rodrigues","False","status-plataforma-shell","Shell: status da plataforma, micro status e troca de tenant","ja-migrado","P3","2","Corrige refresh do status no topo","assets/js/scripts.js|boot.php"
"05c83006fe8119c7b448234a21dfac206dcaeb51","05c83006f","2026-05-13","Luiz Rodrigues","False","status-plataforma-shell","Shell: status da plataforma, micro status e troca de tenant","ja-migrado","P3","2","Corrige troca de empresa no status da plataforma","assets/js/scripts.js|boot.php"
"ca25892f1d6169c455702efd487953b32bf28572","ca25892f1","2026-05-13","Luiz Rodrigues","False","status-plataforma-shell","Shell: status da plataforma, micro status e troca de tenant","ja-migrado","P3","2","Corrige corrida na troca de empresa do admin","assets/js/scripts.js|boot.php"
"76474ac649c7d4b62dd130243bdece9e6ca9c934","76474ac64","2026-05-13","Luiz Rodrigues","False","status-plataforma-shell","Shell: status da plataforma, micro status e troca de tenant","ja-migrado","P3","2","Corrige evento do seletor de empresa","assets/js/scripts.js|boot.php"
"2d7796606510583a523065c5b48d700505c26cb7","2d7796606","2026-05-13","Luiz Rodrigues","False","status-plataforma-shell","Shell: status da plataforma, micro status e troca de tenant","ja-migrado","P3","3","Corrige troca de empresa pelo seletor do admin","assets/js/scripts.js|boot.php|includes/header.php"
"3e4c806657e110c3dbd01792893258ee31403774","3e4c80665","2026-05-14","Luiz Rodrigues","False","status-plataforma-shell","Shell: status da plataforma, micro status e troca de tenant","ja-migrado","P3","5","Corrige contexto do status da plataforma","assets/js/components/status-plataforma.js|assets/js/scripts.js|boot.php|docs/projetos/status-plataforma/regras-monitoramento-tenant.md|includes/header.php"
"17df06b0a467c38e155563c68ea7f1cc00390cec","17df06b0a","2026-05-14","Luiz Rodrigues","False","status-plataforma-shell","Shell: status da plataforma, micro status e troca de tenant","ja-migrado","P3","4","Sincroniza coracao do status da plataforma","assets/js/components/status-plataforma.js|assets/js/scripts.js|boot.php|docs/projetos/status-plataforma/regras-monitoramento-tenant.md"
"99eba2712d93850b6ec03cfc4ddebca53a2a2f60","99eba2712","2026-05-14","Luiz Rodrigues","False","status-plataforma-shell","Shell: status da plataforma, micro status e troca de tenant","ja-migrado","P3","3","Estabiliza micro status da plataforma","assets/js/scripts.js|boot.php|docs/projetos/status-plataforma/regras-monitoramento-tenant.md"
"fd2fafc080b0c710844f27ed81b0229c55d794bc","fd2fafc08","2026-05-14","Luiz Rodrigues","False","status-plataforma-shell","Shell: status da plataforma, micro status e troca de tenant","ja-migrado","P3","2","Corrige refresh do micro status da plataforma","assets/js/scripts.js|boot.php"
"9f1e0f4ce59b70683daf4a16d8e92d33ea2c7fb6","9f1e0f4ce","2026-05-14","Luiz Rodrigues","False","status-plataforma-shell","Shell: status da plataforma, micro status e troca de tenant","ja-migrado","P3","2","Garante navegacao do coracao da plataforma","assets/js/scripts.js|boot.php"
"c047f62854aa8a5eb0843a240e2559cef2ac9f38","c047f6285","2026-05-14","Luiz Rodrigues","False","status-plataforma-shell","Shell: status da plataforma, micro status e troca de tenant","ja-migrado","P3","2","Reforca clique do coracao da plataforma","assets/js/scripts.js|boot.php"
"71e80cbb70b13f2e2e071cb58e28faa897fb86e8","71e80cbb7","2026-05-14","Luiz Rodrigues","False","status-plataforma-shell","Shell: status da plataforma, micro status e troca de tenant","ja-migrado","P3","3","Estabiliza navegacao do coracao da plataforma","assets/js/scripts.js|boot.php|includes/header.php"
"3ecdf1a16eb8b1a6784ebd5261b68b60383e9f1c","3ecdf1a16","2026-05-14","Luiz Rodrigues","False","status-plataforma-shell","Shell: status da plataforma, micro status e troca de tenant","ja-migrado","P3","3","Remove atalho legado do coracao da plataforma","assets/js/scripts.js|boot.php|includes/header.php"
"8c600e1b0da2f5f5cc6ba0b58c9bf59e1b966443","8c600e1b0","2026-05-14","Luiz Rodrigues","False","status-plataforma-shell","Shell: status da plataforma, micro status e troca de tenant","ja-migrado","P3","2","Estabiliza micro status da plataforma","assets/js/scripts.js|boot.php"
"5aa124d7bb38fe6ac4a3fd932e12e2246839a555","5aa124d7b","2026-05-14","Luiz Rodrigues","False","status-plataforma-shell","Shell: status da plataforma, micro status e troca de tenant","ja-migrado","P3","3","Estabiliza coração do status da plataforma","assets/js/scripts.js|boot.php|docs/projetos/status-plataforma/regras-monitoramento-tenant.md"
"924ad1336ac50bcfda8d78e6a278ab175025e382","924ad1336","2026-05-14","Luiz Rodrigues","False","status-plataforma-shell","Shell: status da plataforma, micro status e troca de tenant","ja-migrado","P3","2","Corrige troca de tenant no status da plataforma","assets/js/scripts.js|boot.php"
"0fc060f23bbb8dfc32a7423fc1d8373407c44988","0fc060f23","2026-05-14","Luiz Rodrigues","False","infraestrutura-aws","Infraestrutura AWS: Saude da Plataforma e Financeiro AWS","depende-backend-contrato","P2","2","Ajusta severidade de latencia ALB","includes/aws-platform-monitor/live.php|tests/aws-platform-health-compute-alerts.test.php"
"d62e770dd120df847f99fe7a58acb433255b994f","d62e770dd","2026-05-14","Luiz Rodrigues","False","status-plataforma-shell","Shell: status da plataforma, micro status e troca de tenant","ja-migrado","P3","7","Liberar status da plataforma para usuarios do admin","assets/js/components/status-plataforma.js|boot.php|components/status-plataforma.php|controllers/status-plataforma-controller.php|docs/projetos/status-plataforma/regras-monitoramento-tenant.md|includes/header.php|includes/menu.php"
"a5dec3a794db4e83037cbdc8c1afaa0f36423a1e","a5dec3a79","2026-05-14","Ricardo Morais","False","relatorios-data-hora","Relatorios: filtro dinamico data_hora","ja-migrado","P3","3","ajuste de data e hora nos campos dos relatorios","assets/js/components/processos-relatorios-list.js|components/processos-relatorios-list.php|controllers/processos-relatorios-controller.php"
"a96b60bbc8db97aaaacfbea61c92aa747126ee41","a96b60bbc","2026-05-14","Ricardo Morais","False","asset-version-refresh-legado","Legado: boot e asset version","nao-aplicavel-v2","P4","1","boot","boot.php"
"15fa22eb21b2a4ddb8e53f3bda714c437f6018cb","15fa22eb2","2026-05-14","Ricardo Morais","True","relatorios-data-hora","Relatorios: filtro dinamico data_hora","ja-migrado","P3","0","Merge pull request #738 from agileecommerce/fix/relatorios_data_hora",""
"c2c206b5b6f26884dd9e92ad4c8e85f8ef2d3107","c2c206b5b","2026-05-14","Luiz Rodrigues","False","status-plataforma-shell","Shell: status da plataforma, micro status e troca de tenant","ja-migrado","P3","4","Ajusta status pendente da integracao no monitor","assets/js/components/status-plataforma.js|boot.php|components/status-plataforma.php|docs/projetos/status-plataforma/regras-monitoramento-tenant.md"
"4c6edd7a57ec60aa62ad9e2e9b214cde445acad8","4c6edd7a5","2026-05-14","Luiz Rodrigues","False","status-plataforma-shell","Shell: status da plataforma, micro status e troca de tenant","ja-migrado","P3","3","Sincroniza atualizacao do status da plataforma","assets/js/scripts.js|boot.php|docs/projetos/status-plataforma/regras-monitoramento-tenant.md"
"d32d2af723879cda43bb93a6859e0e30932506b7","d32d2af72","2026-05-14","Luiz Rodrigues","False","status-plataforma-shell","Shell: status da plataforma, micro status e troca de tenant","ja-migrado","P3","5","Torna status da plataforma assincrono","assets/js/scripts.js|boot.php|controllers/status-plataforma-controller.php|docs/projetos/status-plataforma/regras-monitoramento-tenant.md|tests/status-platform-async.test.js"
"9b05fa6751019835b346597a91e297f756178344","9b05fa675","2026-05-14","Luiz Rodrigues","False","status-plataforma-shell","Shell: status da plataforma, micro status e troca de tenant","ja-migrado","P3","4","Consulta status da plataforma sob demanda","assets/js/scripts.js|boot.php|docs/projetos/status-plataforma/regras-monitoramento-tenant.md|tests/status-platform-async.test.js"
"706d020278a3076c65505838809ff1e1b8998c94","706d02027","2026-05-14","Luiz Rodrigues","False","status-plataforma-shell","Shell: status da plataforma, micro status e troca de tenant","ja-migrado","P3","4","Ajusta frequencia do status da plataforma","assets/js/scripts.js|boot.php|docs/projetos/status-plataforma/regras-monitoramento-tenant.md|tests/status-platform-async.test.js"
"795d17719184ee2f3492ea7d1c021e05dfb021bb","795d17719","2026-05-15","Luiz Rodrigues","False","status-plataforma-shell","Shell: status da plataforma, micro status e troca de tenant","ja-migrado","P3","4","Ajusta leitura do status de integração","assets/js/components/status-plataforma.js|boot.php|controllers/servicos-integracao-controller.php|docs/projetos/status-plataforma/regras-monitoramento-tenant.md"
"1e69cf3b4eb033fa36e52e973388f90247bd4a89","1e69cf3b4","2026-05-15","felipeps04","False","pedidos-brinde-aprovacao","Pedidos: aprovacao em cascata de brinde","ja-migrado","P3","1","Inclusão de Lógica para mudança de status ao aprovar pedidos com brinde","controllers/pedidos-controller.php"
"e1f66b55967d7d9e4569fc87122c67bf56b4ee45","e1f66b559","2026-05-15","Ricardo Morais","True","pedidos-brinde-aprovacao","Pedidos: aprovacao em cascata de brinde","ja-migrado","P3","0","Merge pull request #739 from agileecommerce/fix/aprovacao-pedidos-brinde",""
"9376476b405d4b2f71df294593646d89635fcefb","9376476b4","2026-05-15","Luiz Rodrigues","False","docs-ai-first-legado","Legado: documentacao IA-first","nao-aplicavel-v2","P4","9","docs: aprimora fluxo IA-first","AGENTS.md|docs/README.md|docs/ai/README.md|docs/ai/catalogs/README.md|docs/ai/context-pack.md|docs/ai/cross-repo-routing.md|docs/ai/quality-gates/executable-gates.md|docs/ai/support-diagnostic-packet.md|scripts/ai/verify.sh"
"6cb70a741bd9dedb2efaea3c2c5454562d8ec829","6cb70a741","2026-05-15","Luiz Rodrigues","False","vendedores-valida-horario","Vendedores: flag de horario","ja-migrado","P3","2","Adiciona flag de horario no vendedor","components/vendedores-form.php|controllers/vendedores-controller.php"
